Aaron Byson,(420) 481-5779
Abduleon Romanov,(420) 852-5128
Abigail Lubosh,420-339-6281
Abu Jafar,(420) 242-1220
Adam Copeland,4206791273
Adrian Cortez,(420) 192-5837
Adrian Roderyk,420-166-7503
Aiden Spahalski,(420) 930-4338
AJ Chichi-Cole,(420) 385-3488
Akash Singh,420-629-6895
Aldway Aldene,(420) 729-9680
Aleksandr November,(420) 344-0894
Alex Casterman,(420) 825-5130
Alex Cho,420-565-6856
Alex Falcon,(420) 026-7240
Alex Hawthrone,420-059-4727
Alex Ivanov,(420) 438-3775
Alex Night,(420) 712-0909
Alex Suarez,(420) 698-5688
Alexander Grey,420-578-8935
Alexander Hyde,420-011-6240
Alexander River,420-578-3463
Alexis Onfire,4208541323
Andrew Fischer,(420) 667-7224
Andrew Fritz,(420) 289-1398
Andrey Boykov,(420)558-2271
Anita Mani,(420) 506-2581
Anita Maxwin,(420) 499-0075
Anita May,(420) 616-2106
Aphrodite Theos,(420) 947-9919
Apple Greene,4203519628
Archibald Cabernathy,420-430-0706
Arlo DelSilver,4208276227
Arnold Frost,4205597853
Arthur O'Hara,4202420365
Ashley Frost,4207137002
Aspen Gray,420-073-7567
Audrey Jones,420-563-8791
Aundre De La Torre,(420) 358-4190
Aurelie Dekiller,4207611764
Austin Barrett,420-003-1218
Austin Bean,(420) 162-2456
Avery Brooks,420-729-0919
Avery J. Gatlin,(420) 770-5007
Avery Stone,420-576-8212
Axel Sosa,420-035-0676
Aziz Sultan,(420) 707-6824
Baghdon Bashar,(420) 413-8180
Bailey Brewster,(420) 329-5585
Baljeet Singh,420-357-2838
Bane JAX,(420) 460-2850
Barley Hicks,(420)436-8230
Barry Mcokinher,4203153523
Bay Weather,(420) 867-7137
Ben Casanova,420-115-3767
Ben Warrior,(420) 908-8818
Benny Benson,(420) 960-5234
Beric Johnson,4206153257
Bernard Hunker,420-257-2639
Bernard Rawlings,(420)729-3810
Betty Briskett,420-326-6356
Bill Jobs,(420) 117-9905
Birdie Nash,420-095-4743
Bobcat McGlunk,4208888444
Boots Billington,(420) 378-8811
Brad Du Preez,4205354230
Brian Ford,(420) 064-4555
Brian Taylor,420-353-6815
Briar Madden,(420) 034-2149
Brock Letty,(420) 338-4939
Brock Omaha,(420) 201-8612
Bruce Collins,4208833952
Bruce Kent,(420) 282-9961
Bryan Davids,(420) 604-6915
Bubba Lump,(420) 231-1504
Buck Ambush,420-441-2075
Buck Flemmings,(420) 296-0663
Buddy Cooper,(420) 927-8957
Callista Bell,420-201-3350
Cameron Everly,4202001848
Carmine Costello,4205403690
Carmine Griffin,(420) 284-4455
Cassidy Keyes,(420) 826-9161
Cathal Ó Dubhgall,4203856557
Celia Mae,(420) 349-5765
Chad Gable,420-219-4204
Chad Wick,(420) 494-6080
Charles Vane,(420) 971-3199
Charles Whitlock,(420) 775-1955
Charlie Auclair,(420) 935-0933
Charlie Colcord,(420) 340-1337
Charlotte Spade,(420) 864-6597
Chase Rockwell,(420) 809-9677
Chase Skye,(420) 904-5912
CHATTERBOX,(420) 767-3950
Chauncey Bigguns,(420) 317-3090
Chaz Michaels,(420) 413-9862
Christian Walley,(420) 053-8454
Christian Zhang,(420) 556-9288
Christmas Del Norte,(420) 984-8955
"Clayton ""Clay"" Hogg",(420) 099-7835
Clayton Jenkins,(420) 327-7121
Clover Fields,420 198 0040
Coco Mars,(420) 268-3217
Cohen Ryker,4206041294
Cole Marken,420-311-3548
Cole Slaughter,(420) 886-1898
Colley Calloway,4202796997
Connor Stubble,(420) 315-5362
Cory Copium,4209026114
Crikey Thompson,(420) 669-0197
Cyrus DaVee,420-626-0854
Cyrus Reiner,420-853-2051
Daisy Dukakis,(420) 514-5345
Dale Earnshardt,(420)973-5273
Dan Fischer,4204751906
Darnell Knight,(420) 369-6936
Daryl Gates,4207138619
Dave Mace,(420) 755-3487
David Bouchard,420-408-2216
David River,4206689983
Debora Fisher,4201627935
Debra Downer,4201717870
Deckard Winters,4204935122
Denzel Bark,4200218599
Derek Monroe,4202828494
Desh Please,(420) 577-5036
Desmond Troy,4206689767
DJ Dawkings,(420) 817-6448
Dominic Rhodes,(420) 338-7102
Dominik Rodriguez,(420) 153-7287
Doug Ryker,420-959-8049
Dwayne Carter,(420) 337-3208
Eddie Crinkletoes,4208333724
Edwards Lyons,(420) 049-4915
Eleanor Highwater,(420) 485-4103
Elija Woods,(420)287-3056
Elizabeth Wright,420-649-8660
Ellie Nite,4208718315
Ellis Pinzon,420-312-4986
Emily Parker,(420) 771-6163
Emma Dupont,(420) 114-2522
Erik Bosc,(420) 880-6866
Erin Riker,420-060-7700
Ernest Kaminski,(420) 049-8634
Erwin McNulty,420-105-3422
Eryn Carter,(420) 806-0475
Esho Dawood,(420) 042-7356
Esme Levine,(420) 562-2817
Ethan Turrow,420-847-0202
Faith Belofte,(420) 175-0132
Faith Mcarthy,4205317303
Felix Jasper,420-231-9793
Forest Flax,(420) 332-6712
Francis Rakhmet,(420) 988-4371
Francisco Ramirez De La Vega,(420) 372-2017
Franco Bellini,(420) 801-2665
Frederick Winklevom,(420)4242617
Georgina Dufont,4206688209
Gordan Muir,(420) 522-6753
Gordon Blackwood,4208602571
Greg Tackleberry,4209165004
Gregory Johnson,(420) 451-2669
Gregory Lightfoot,(420) 811-9318
Gunner Kane,4206973967
Gus McKringle,420-646-2334
Gwendolyn Parker,420-131-2426
Hailey Maxwell,420-134-3753
Happy Muggle,4209597730
Harlow DuBois,420-400-2101
Haylen Drew,4202328403
Henry Adams,4208564929
Henry Woodward,(420) 329-0465
Hollywood Cole,4204330811
Honey Buns,(420) 687-8853
Hunter Cross,420-888-8436
Iris Nivira,4202294432
J.R. Nixon,420-053-5366
Jack Amino,(420) 070-0036
Jack Cage,4209306116
Jack Davenport,(420) 751-7892
Jack Lawson,(420) 270-0503
Jack McKenna,(420)520-0276
Jack Ripley,(420) 575-5741
Jack Vinderheim,(420) 646-2205
Jack Vos,(420) 640-1010
Jack Weston,420-981-0116
Jackie Snow,(420) 127-2351
"Jackson ""Tex"" Devereaux",(420) 660-2527
Jacob Berretta,4209303617
Jacob Rey,4207105855
Jacob Specter,(420) 013-2389
Jake Mothy,(420)134-8023
James Barnes,(420) 698-4455
James Faraday,4209206878
James Hawksmoor,420-872-1158
James King,420-240-4738
James May,(420) 517-6806
James Quinn,4206231869
James Randal,420-814-5278
Patrick Downing,420-511-0124
Jameson Youngblood,{420) 979-8843
Jason McGrath,(420) 635-0299
Jason Mitchell,(420) 283-9864
Jay Halstead,420-147-9345
Jay Jenkins,(420) 605-8690
Jay Shelby,4206200020
Jay Skye,(420) 530-3687
Jean Paul,420-624-3603
Jebediah Jenkins,(420) 889-5336
Jeff Peralta,420 686-7008
Jeffrey Bones,4205784426
Jeffrey Morgan,(420) 782-3761
Jenelle Caldwell,4202530908
Jenna Mustard,4206406879
Jennie Taylor,(420) 128-2474
Jennifer (Jenny) Monroe,4206668007
Jeremy Fields,(420) 522-4535
Jesse Sterling,420-139-5065
Jessica Maat,(420) 476-5157
Jimbo Sutton,(420) 394-6858
Jimmeny Cricket,420-071-9798
Jimmy Frost,420 520 0245
Jimmy Whillikers,4207676588
Joe King,(420) 726-5969
Joey Pistachio,420-933-0568
Johan Asmit,(420) 139-0210
John Bong,420-508-7868
John Cornetto,420-689-8854
John Hydra,420-509-0452
John Kingsman,(420) 328-3243
John Riggs,420-918-6974
John Spartan,(420) 571-7804
John Spirits,4203498438
Johnny Fahrenheit,4200185434
Jon Danes,4201626823
Jordan WhiteField,4203609118
Jordon Pearson,(420) 894-3304
Joseph Oxlong,420-503-1414
Juan Jesus Olivares,(420) 579-8625
Judas Squealer,(420) 506-0946
Julian Mcbride,(420) 610-1482
Julius Sassenburg,(420) 542-6069
Ka Chao,4204124182
Kaito Hanabira,4205002847
Kaleb Boulder,4206345169
Ken Kenneth,420-569-7520
Kendall Fahrenheit,(420) 763-1573
Kenji Tanaka,(420) 006-7779
Kent Debaug,4204283122
Kevin Ram,4207942256
Kieth Williams,(420) 824-3113
Knox Rider,(420) 897-0185
Kris Long,(420) 895-1123
Kristian Yee,4205300637
Kuro Hei,(420) 703-1176
Kurt Doug,4207952980
Kyle Jonas,4209072768
Kyle Kacem,(420) 553-4170
Kyle Lane,420-114-9659
Kylie Stokes,(420) 986-7332
Lando Watson,(420) 619-5150
Lane Frost,(420) 793-5579
Larry Johnson,4203543870
Lathan Meirs,420-229-9533
Lavius King,(420) 535-3520
Lawson Orderson,420-176-8244
Leon Timbinsky,420-465-9602
Leonardo Caruso,(420) 139-1898
Leonardo Luciano,(420) 346-6367
Levi Stoltzfus,420-156-6919
Lex Stryker,4201581329
Lilly Wills,(420) 998-6826
Linda Stewart,(420) 340-7430
Logan Monroe,4206568951
Loki Skylizard,(420) 866-9594
Lola Copeland,(420) 082-4309
Lou Bricant,4204986460
Louis Brickston,420-728-9382
Lucas Lovesick,(420) 091-6587
Lucas Miller,(420) 427-3204
Lucas Powers,420-591-7427
Lucian Evo,420-230-7002
Luda Chris,(420)-657-2801
Luka Hotlic,(420) 385-4235
Lukas Lavender,(420) 292-7380
Lulu Ackerman,(420) 988-9790
Lyle Spangler,(420) 296-5124
Mackenzie Hayes,(420) 347-7590
Mae Moody,4203008259
Maisy Graves,4206466461
Maja Blanca,4206044841
Maksim Powers,4204512497
Malcolm Nekoda,4201053361
Marco Holliday,(420) 499-3122
Marcus Sin,4202740759
Marcus Wade,(420) 154-0470
Marcus Wester,(420) 302-9411
Marik Chapman,420-601-2939
Marion Cobretti,420-814-4022
Mason Dixie,420-508-2776
Mateo Radić,4203728907
Matt Gunther,(420) 036-7507
Matthew Alucard Brees,(420) 683-8850
Matthew Dinkworth,(420) 912-4104
Matthew Espinoz,4204764246
Maxwell Alisent,(420) 359-2980
Maya Stone,4201816227
Maynard Salami,4200203424
Melody Oakley,(420) 722-8349
Melvin Graves,(420) 495-7492
Michael Douglas,420 505 6988
Michael Hemsworth,(420)-367-8853
Michael Malone,4200997564
Mike Blunt,4208919775
Mike Ross,(420) 461-2165
Mike Savage,4204088331
Mike Zavala,420-100-5629
Minerva Maat,(420) 621-5984
Mohammad II Habob,(420)-427-1715
Moose Knuckles,(420) 424-4373
Mr. K,420-037-2988
Myrtle Myrgle,4200720096
"Natascha ""Bobbi"" Russel",(420) 739-8193
Nathan Stone,(420) 405-3971
Nia Bea,4201418055
Nicholas Michaels,(420) 640-2176
Nick Celozzi,(420) 485-8492
Nikki Khan,(420) 694-1896
Nikolas Kent,420-006-5194
Nino Magsasaka,(420) 793-0681
Noah Fence,4200637005
Octavia Knox,(420) 615-0186
Octavius Scarpetta,420-130-7870
Omar Flocko,(420) 594-2492
Omar Stryker,4209786602
Opal Pryce,(420) 247-6752
Orin Daft,4202400007
Paul Dover,4201507713
Paulie Ammory,(420)547-0606
Phillip Mann,4207782769
Pietrus Kobus Van Der Merwe,(420) 084-4367
Pluto Thatcher,420-437-0326
Pono Kapahala,420-405-2763
Pulit Ohvar,(420) 811-8209
Quinton Omar Bastoni,(420) 800-4059
Raith Huxley,4206353092
Raphael Dubois,(420) 220-0534
Ray Lee,(420)413-7290
Raymond Jaspers,(420) 065-5880
Rebecca Snow,(420) 898-1448
Red Harrington,(420) 544-0546
Reese Ling,4209468036
Reggie Johnson,(420) 355-7246
Remy White,(420) 041-5721
Renee Gordon,4205365984
Rhysand Velaris,420-965-5551
Richard Chopp,(420) 868-4086
Richard Dangler,(420)605-8102
Richard Shepherd,(420) 008-3535
Richard Stiffy,420-466-2532
Richard Tips,(420) 289-5290
Richie Roach,4202570029
Rick Pickle,(420) 088-8809
Ricky Juels,420-740-9832
Riley Stone,(420) 202-1894
Rip Riley,4206425929
Risabh Singh,4204381010
Rob Barker,(420) 391-9568
Robbie Joys,420-063-0768
Robin Round,(420) 148-8500
Rodrick Bracket,420-628-1106
Rogan Boganson,(420) 662-3931
Roy Armstrong,420-447-2492
Roy Woods,4200105078
Ruby York,(420) 147-0490
Rusty Rhodes,420-081-7101
Ryan Kaye,4207784369
Ryder Ross,(420) 179-7362
Ryu King,(420) 719-8631
Saffron Riley,(420) 221-0962
Sam Buttercup,(420) 068-6544
SANTA CLAUS,(420) 233-8674
Santino Forte,420-213-6614
Saul Leesemann,(420) 934-8263
Scott Jackson,(420) 713-6954
Scott Taylor,(420) 208-1975
Seamus McDermit,420-739-1510
Sebastian Birch,420-514-3484
Sebastian Von Di'Quad,(420) 459-6721
Selena Nwachukwu Tuigamala Frost,(420) 672-3693
Serpico Pingafria,4208738729
Shane Finch,(420) 413-5947
Shane Moody,420-850-6457
Sherlock Homes,4205383200
Shorty St. Claire,(420)556-1877
Sidney McDuffie,(420) 264-6737
Skye Faye,4200140099
Sleepy Joe,4205189830
Stansfeld Belaney,4205872036
Stephanie Meyer,4207404895
Sterling Silver,(420) 983-3780
Tadhg,4202529962
Taz Sullivan,4203787853
Terry Rhist,(420) 722-0904
Theo Peckham,(420) 436-3429
Theodora Crain,(420) 519-5227
Thomas Goldberg,(420) 931-0683
Tim Evers,(420) 685-9538
Tim West,420-294-3784
TJ Mack,420-559-2635
TK strand,(420) 751-7924
Todd Doyle,4209098020
Todd Hughes,(420) 747-8993
Tommy Horver,(420) 993-0286
Tommy Melarky,(420) 024-7703
Tommy Tinker,4204203800
Tony Andrews,(420) 152-5480
Tony Tiger,4200132739
Tyler Casillas,(420) 910-8200
Tyler Blasko,(420) 428-8533
Tyler Peters,(420) 156-4295
Victor Krank,420-876-6888
Victor Quinn,420-763-5374
Victor Uchenskie,4205867888
Vill Ager,4209103792
Vincent Nolan,420-174-4653
Vincent Ventura,(420) 850-0452
Vivienne Grey,4205656372
Vonnie Jones,(420) 693-9313
Wade Bradford,(420) 584-5724
Walt Bauer,420-779-4397
Walter Heffner,4202343841
Walter Melon,4207653943
Wesley Gilbertenson,(420)-603-0252
William Landan,(420) 324 8101
William Shoot,(420) 140-5512
Wyatt Carter,(420) 475-5920
Wyatt Erpson,(420) 579-9400
Xana Sonne,(420) 026-7634
Xander Benoit,(420) 604-9728
Xander Zayne,(420) 858-4448
Xavier  Silver,420-531-0769
Xavier Monroe,420-718-8947
Xedrick Samonte,(420) 911-2573
Yilong Ma,4205666450
Zachariah Shil,420-952-3182
Zander Cage,4202585971
Zara Emersyn,4200003542
Ziggy Buggs,(420) 489-3646
Zoe May,(420) 070-7868
Zowie Alvén,420-932-2261