Alex Suarez,4207084698
John Riggs,4209186974
Michael Malone,4200997564
Cameron Everly,4202001848
Beric Johnson,4206153257
Forest Flax,4203326712
Louis Brickston,4207289382
Ellis Pinzon,4203124986
Skye Faye,4200140099
Malcom Nekoda,4208243353
Lucas Lovesick,4200916587
Ken Kenneth,4205697520
Jeff Peralta,4206867008
Vivienne Grey,4205656372
Duncan Fenwell,4206768639
Richard Tips,4202895290
Desmond Troy,4206689767
Hailey Maxwell,4201343753
Clover Fields,4201980040 
Austin Barret,4200031218 
Santino Forte, 420 213 6614
Joey PIstachio,420-933-0568 
Callista Bell,4202013350
Jennifer Monroe,4206668007 
Jeffrey Bones,4205784426 
John Ricky,(420) 530-4620
Jack Lawson,4202700503 
Coco Mars,4202683217 
James Rooker †,4204629647 
Jimbo Sutton,420-394-6858
Brock Letty,420 338 4939
Maisy Graves,4206366461 
Gwendolyn Parker,4201312426 
Dwayne Carter,420-337-3208
Alexander River,420-578-3463
Marco Holiday,420-499-3122
Kurt Douglass,420-795-2980
Christen Mendaez,420-501-2182
Jack Ripley,420-575-5741
Ziggy Buggs,420-489-3646
Connor Stubble,4203155362 
Henry Adams,4208564929
Sam Buttercup,4200686544
Nikki Kahn,4206941896
Alex Casterman,4208255130
Buck Colton,4203395917
Erik Bosc,4208806866 
Jimmy Frost,4205200245
Brian Tayor,4203536815 
Jason McGrath,4206350299 
Dai Jones,4202852820
Red Harrington,420 544 0546
John Bong,420 508 7868
Victor Romanoff,420 774 7962
Maynard Salami,420 020 3424
Jack Davenport,420 751 7892
Mike Blunt,420 891 9775
Jeremy Fields,420 522 4535
Lucian Evo,420 230 7002
Jackie Snow,420 127 2351
Daisy Dukakis,420 514 5345
Matthew Espinoz,420 476 4246
Alex Night,4207120909 
TK Strand,420 751 7924
Tadhg Mcquillen,420 252 9962
Luka Hotlic,420 385 4235 
James Hawksmoor,420 872 1158
Richie Roach,420 257 0029
Bench Guy,420 036 1322
David Silverman,420 871 6505
Tobias Mcwilly,420 125 9065
Tommy Horver,420 993 0286
Ray Lee,420 413 7290
Eli Hawkins,420 191 5341
Xana Sonne,420 026 7634
Greg Tackleberry,420 916 5004
Luka Winsore,420 5597571
Jackie Snow,420 127 2351
Chad Gable,420 219 4204
Crikey Thompson,420 134 3753
Jacob Specter,420 013 2389
Nathan Stone,420 405 3971
Haylen Drew,420 232 8403
Tommy Melarkey,420 024 7703
Hunter Cross,420 888 8436
Jon Dames,420 162 6823
Briar Madden,420 034 2149
Francis Rakhmet,420-988-4371
Emma Dupont,420-114-2522
Cole Slaughter,420-886-1898
Zoe May,420-070-7868
TJ Mack,420-559-2635
Bernard Hunker,420-257-2639
Baghdon Bashar,420-413-8180
Arthur Ohara,420-242-0365
Hunter Noon,420-145-0510
Jessica Maat,4204765157 
Josh Kade,4201075356
William Clubb,4209122776 
Will Fox,420877885 
Dillin Dublin,4203118436 
Lando Watson,4206195150 
Fifi Kimber,4204228291 
Kylie Stokes,420 986 7332
Selena Nqachukwu Tuigamala Frost,420 672 3693
Aleksander November,4203440894 
Gregory Lightfoot,4208119318 
Lavius King,4205353520 
Jack McKenna,4205200276
Tobias Scott,4207644954
Charles Frost,4206547292
Leonardo Luciano,4203466367 
Mohommad II Habob,4203440894 
Cyrus Reiner,4208532051 
Nia Bea,4201418055 
Cathal O Bubhghaill,4203856557
Octavius "Octo" Scarpetta,4201307870 
Riley Stone,4202021894 
James May,4205176806 
Ellie Night,4207009972 
Baljeet Singh,4203572838
Gary Sexton,4206331820 
Deborah Fisher,4201627935
Renee Gordon,4205365984 
Ben Casanova,4201153767
Nicholas Michaels,420 640 2176
John Dems,420 162 6823
Desmond Frog,420 235 0719
Lulu Ackerman,4209889790 
Ka Chao,4204124182 
Adrian Cortez,4201925837 
Jay Halstead,4201479345 
Jesse Sterling,4201395065 
Tony Tiger,4200132739 
Jenna Mustard,4206406879 
David River,4206689983 
Theodore Cousineau,4201130613 
Adrian Roderyk,4201667503 
John Sprits,4203498438 
Kaito Hanabira,4205002847 
Marshal Law,4201521262 
Kieran Harvey,4204712694 
Matt Brees,4206838850 
Jaxx Jett,4209198552 
Brad Du Preez,4205354230 
Jason Freeman,4208252447 
Martin Prince,4201631074 
Irwin McNulty,4201053422 
Jack Amino,4200700036 
John Hydra,4205090452 
Lorenzo Luca,4207320659 
Anthony Copleone,4205452949 
Jace Barter,4206571394 
Jack Richardson,4201717308 
Elizabeth Remington,4208653370 
Randy Bantham,420 031 2622
Elle Clair,420 339 3768
Wayne Fullbright,420 714 9204
Colt Ryder,420 556 4182
Joe King,420 726 5969
Hank Over,4204703745 
Gene Lansen,4205866486
Ben Warrior,4209088818
Jay Turner,4202708177 
Colton Cassidy,4205715968 
Sebastian Birch,420 514 3484
Austin Bean,4201622456 
Kieth Williams,4208243113 
Kevin Ram,4207942256 
Reed Dankleaf,4203940128 
Elizabeth Byrne,4209835387 
Loki Skylizard,4208669594 
Adam Copeland,4206791273 
Octavia Knox,4206150186 
Saul Leesemann,420-934-8263 
Avery J Gatlin,420 770 5007
Bubbanosuke Numamura,420-504-1146
Andrew Ducksworth,420-165-4567
Jerzy Mainwetter,4205165429 
Noah Fence,4200637005 
Bubba Lump,4202311504 
Kaia Raine,4205991072 
Teagan Starling,4208197979 
Stephanie Meyer,4207404895 
Sebastian Von Diquad,4204596721 
Reed Dankleaf,4203940128 
Kuro Hei,4207031176 
Arnold Frost,4205597853 
John Spirits,4203498438
Mike Zavala,4201005629 
Sleepy Joe,4205189830 
Carmine Griffin,4202844455 
Bay Weather,4208677137 
Phillip Mann,4207782769 
Felix Jasper,4202319793 
Birdie Nash,420 095 4743
Saffron Riley,420 221 0962
Wade Bradford,420 584 5724
Shane Moody,4208506457 
Kendall Fahrenheit,4207631573 
Joe King,4207265969 
Johnny Fahrenheit,4200185434 
Happy Muggle,420 9597730
Lathan Meirs,4202299533 
Aurelie Dekiller,4207611764 
Melody Oakley,4207228349 
Derek Monroe,4202828494 
Theo Peckham,4204363429 
Michael Douglas,4205056988 
Chaz Michaels,420-413-9862
Jack Cage,4209306116 
Gunner Kane,4206973967 
Abigail Lubosh,4203396281 
Paulie Ammory,4205470606 
Wyatt Carter,4204755920 
Melvin Graves,4204957492
Todd Doyle,4209098020 
Jack Mckenna,4205200276 
Kenji Tanaka,4200067779 
James Quinn,4206231869 
Bailey Brewster,4203295585 
Barry Mcokinher,4203153523 
Anne Maekill,4206498477 
Leonardo Luciano,4203466367 
Georgina Dufont,4206688209 
Alex Hawthorne,4200594727 
Axel Sosa,4200350676 
Terry Rhist,420 722 0904
Sterling Silver,420 983 3780
Trent Vanderzee,420 177 1998
Chuck Steele,420 288 9570
Ryu King,420 719 8631
Jay Shelby,(420) 572-4412
Robbie Joys,420 063 0768
Serpico Pingafria,420 873 8729
Nox Rider,4208970185 
Chauncey Bigguns,4203173090 
David Bouchard,4204082216 
Samathalyn Bones,4205412252 
Opal Pryce,(420) 247-6752
Hector Commacho,(420) 040 5267
Reese Ling,4209468036 
Roy Woods,(420) 010-5078
Elizabeth Wright,(420) 649-8660
Kyle Kacem,(420) 553-4170
Betty Briskett,420-326-6356
Kris Long,(420) 895-1123
Walter Melon,(420) 765-3943
Sydney Harper,(420) 939-4243
Rusty Rhodes,(420) 081-7101
Andrew Fischer,(420) 667-7224
James Faraday,(420) 920-6878
William Landan,(420) 324-8101
Nino Magsasaka,(420) 793-0681
Linda Stewart,420 340 7430
Frederick Winklevom,(420) 424-2617
Charles Whitlock,(420) 775-1955
Jacob Berretta,(420) 930-3617
Doug Ryker,420-959-8049
William Hunter,(420) 648-6826
Kai Teke,(420) 433-1440
Dave Mace,(420)755-3487
Aldway Aldene,(420) 729-9680
Clydes Dale,(420) 522-8819
Orin Daft,(420) 240-0007
Caiden Hardi,(420) 442-9616
William Clubb,(420) 912-2776
Pono Kapahala,4204052763
Tyler Peters,420-156-4295
Abduleon Romanov,420 852 5128
Moose Knuckles,(420) 424-4373
Hubcap Jones,(420) 452-0578
Abu Jafar,(420) 242-1220
Wyatt Erpson,(420) 579-9400
Hakeem Olajuwon,(420) 294-7103
Michael Hemsworth,420 367 3853
Jay Skye,420 530 3687
Faith MCarthy,420 531 7303
Zander Cage,420 258 5971
Zara Emersyn,420 000 3542
Shane Finch,420 413 5947
Stuart Knightwolf,420 589 6088
Vincent Nolan,(420) 174-4653
Carmine Costello,(420) 540-3690
Briar Madden,420 034 2149
Ryder Ross,420 179 7362
Tommy Tinker,4204203800 
Xander Benoit,420 604 9728
Alexander Hyde,420 011 6240
Seamus McDermit,420 739 1510
Matthew Dinkworth,420 912 4104
Yilong Ma,420 566 6450
Juan Jesus Olivares,420 579 8625
Dominic Rhodes,(420) 338-7102
Jack Weston,420 981 0116
Omar Flaco,420 594 2492
AJ Chichi-Cole,420-385-3488
Dale Earnshardt,4209735273
Zoe May,4200707868
Michael Douglas,4205056988
Bill Jobs,4201179905
Yilong Ma,4205666450
Melvin Bell,4205815791
Erik Bosc,4208806866
Alex Night,4207120909
Robbie Joys,4200630768
Jackson Devereaux,4207077623
Theordore Lynch,4209256457
Rick Pickle,4200888809
Doug Ryker,4209598049
Aimee Laine,4207428891
Harold Walker,4200502182
Daryel Gates,4207136819
Jessica Maat,4204765157
Alfred Clay,4209704536
Tim Evers,4206859538
Austin Bean,4201622456
Xavier Silver,4205310769
Maynard Salami,4200203424
Greg Tackleberry,4209165004
Cyrus Reiner,4208532051
Natascha Russel,4207398193
Mackenzie Hayes,4203477590
Nikki Khan,4206941896
Minerva Maat,4206215984
Ellie Nite,4208718315
Lincoln Messier,4202888173
Troy Anderson,4203292931
William Fox,4208778858
Colt McKnight,4206791118
John Spartan,4205640116
Renee Gordon,4205365984
Christian Wolff,4209567862
Cohen Ryker,4206041294
Sidney McDuffie,420264 737 
Addison Yates,4202756956
Jasmine Skye,4206327270
Vance Vixen,4208222594
Vonnie Jones,4206939313
Todd Hughes,4207478993
Emma Dupont,4201142522
Matthew Espinoz,4204764246
Walt Bauer,4207794397
Garry Diaz,4206876956
Elfy Lyng,4201954895
Jax Bane,4204602850
Rayvon G Black,420 976 6522
Joseph Marino,420 202 7657
Joseph Marino,(420) 475-0479
Jack Davenport,420 751 7892
Link Winters,420 247 7421
Matthew Dinkworth,420 912 4104
Kyle Lane,420 114 9659
Linda Stewart,420 340 7430
Tommy Tribble,4203280032
Alexander River,420 578 3463
Ramona Celeste,420 560 7771
Harlan Dubois,420 400 2101
Corbin Colt,420 430 6698
Miguel Antonio Manuel Manolo Diaz,420 511 6056
Lathan Meirs,4202299533
Gordan Muir,4205226753
Haseem Dubar,4205549276
Bruce Kent,4202829961
Doofy Boofy,420 833 0269
Johnathen Ramscrapture,420 1197075
Luigi Bottecellini,(420) 854-1218
Jacob Berretta,420 930 3617
Robert Wallbrook,420 650 8829
Paul Mccree,420 787 0078
Jimmy Whillikers,420 767 6588
Kyle Lane,420 114 9659
Reese Ling,4209468036
Red Herrington,4206389430
Frank Williams,4209074640
Johnny Fahrenheit,4200185434
Kendal Fahrenheit,4207631573
Charles Knorris,(420)983-0049
John Degrey,4205739368
Tommy Tinker,4204203800
Aleksandr November,4203440894
Goldie Granger,4202768147
Richard Sheperd,4200083535
Domnik Rodriguez,4201537287
Rein Synnefo,4203243917
Dizzy Bluffins,4207022923
Kaia Raine,4205991072
Stella Pierce,4200793845
Donnie McMuffin,4208942513
Kid Beans,420 037 0468 
Danni Rose,4204479836
Adriana Sparks,4204629826
Jimmeny Cricket,(420)071-9798
Theo Krieger,4201487198
Crow Shepherd,4202878078
Greg Letourneau,4207999912
Dwayne Carter,4203373208
Herbert Graham,4206607784
Boy Paqueue,4203229936
Chuck Swizzy,4202603748
Bubba Jay,4209122309
Michaelangelo Anderson,4200497090
Rico Richardo Jr,4200293159
Dan Fischer,4204751906
Skylar Wattson,420 096 7857
Luke Smaxing,420 055 0103
Saul Leesemann,420 934 8263
Leni Springer,4208354264
Dylan Sawyer,420 735 2506
Alejandro Picadillo,420 241 8938
Tyler Wesson,4205664152
Jaedlyn Sawyer,4207490352
Tony Fitsbarrel,4205492745
William Pepe,4205863409
Bobby Mitchell,4207415052
O Honey Young,4208377570
Peter Tusami,4201918252
David River,4206689983
Bertil Björk,4203233508
Lara Seals,4201762023
Wyndham Eaton,4206636001
Christian Mendez,4205012182
Willy Robinson,4202618705
Monroe Ivy,(420)070-4966
Detpuddy Cleaveland,420 614 9870
Ocifer Cleveland,420 929 6156
Lucas Miller,4204273204
Mike Zavala,420 795 5971
Ciro Gomez,420 236-1196
Rodney Fuel,420 035 6499
Jimmy Peppers,4200546735
Aspen Gray,4200737567
Rob Sharp,4208983976
Frank Hall,4205109121
Anne Marie Willenholly,4208280578
Stephan Davis,4201279017
James Photopoulos,4205473997
Anastasia Pierce,4207846524
Jeremy Memri,4204599917
Bruno Brown,4201953846
Luis Fernandez,4208018156
Levi Mills,4207053021
Jon MacTavish,4202384021
Garry Smod,4206546315
A Lani Tunes,4200140714
Mike Blunt,4208919775
Gunner Kane,4209205162
Rayvon Black,4209766522
Joey Irons,4205033253
TK Strand,4207517924
Lando Lancaster,4204449789
Nancee Rhee,4206955790
Oshiera Petros,4205270293
Christopher Koksworth,4206612255
Crystal Clear,4201724954
Tj Stallings,4209809588
Buddy Jenson,4209233593
Lorenzo Luca,4207320659
Julian Turbo,4203262635
Bruce Collins,4208833952
Rupert Lockidge-Fuller,4204400399
Apple Greene,4203519628
Tejay Hawking,4200221653
Adey Palmer,4202729492
Jerry Sadat,4209508911
Clint Adler,4208873121
Nino Magsasaka,4207930681
Matt Brees,4206838850
Lucian Evo,4202514996
Peach Tree,4204900333
John Winford,4201997414
Ryan Kaye,4207784369
Raphael Thickson,4204814328
Lelani Kamealoha,4204571523
Chase Justice,4203577468
Jimmy Recard,4209907608
Lawrence Stirling,4202965597
Skylar Wattson,420 096 7857 
Dee LinQ,4200355351
Jake Mothy,4201348023
Garrick Mason,420 874 3594
Collin Cruise,4200271292
Brock Letty,4203384939
Rick Pickle,4200888809
Travis Jay Mello,4205981635
Rodney Fuel,420 035 6499
Johnny Sook,4208861333
Asher Hart,4206458646
Nikolai Pogoski,4208905234
Ronnie Suggs,4208912786
Robert Anderson,420-839-1757
Jenny Taylor,4201282474
Omar King,4203005502
Carlos Aguilar,4206367006
Piper Nash,420) 162-0988
Harry "Hasbulla" Black,(420) 007-5312
Oliver Raymond,(420) 900-9449
James Trivette,(420) 117-4239
Lee Jones,4201665433
Chang Peng Fu Hoe,4202355665
Sheamus Mccarthy,4209067836