NAME,1
Remedy Creed,4208010338
Cassie Miller,4202733407
Jayna Pierce,4207708100
Jasper Johns,4205575417
W'Kabi Aku,4204420751
Axel Walker,4204572840
Antonio Rodrigues,4207623671
Emeka Rose,4206367366
Nino Chavez,4201528799
Sam Axe,4204982077
Connor Weed,4201710560
Jordan Walker,4206358214
Saint Clair,4208018507
Elliot Richardson,4203305535
Hélios L'Or,4208329050
Arnold Frost,4205597853
Jenna Mustard,4206406879
Maverick Shields,4204950657
Billy Thorne,4201582526
Aoki Ma,4201164512
Beric Johnson,4209000230
Andur Dinguson,4204061011
Dayrell Hicks,4202399859
Alice Omen,4205464678
Jason Tyrell,4208011145
Alejandro Ramirez,4209766273
Benny Razer,4204884289
Baesu Heartless,4201124195
Aiko Young,4205830537
Chum Butterskotch,4207660879
Ming Jingtai,4206766655
Leon Benz,4208495331
Jamie McQueen,4206726437
Lily Night-Sky,4205581323
Spiro Cozmopolidis,4205511209
Alan Kyles,4205242601
Shiro Takahashi,4208966922
Hank Clover,4203632083
Finley Schmidt,4203256259
Jonathan Cane,4202372506
Sonya Summers,4205041171
Jared Creed,4200126050
Guiseppe Font,4201936217
Olga Adonis Vega,4207767748
Brandon Valentino,4203245112
Charles Matthews,4202219460
Ferst Temple,4208904963
Wayne Freeman,4200847110
Courtney Garcia,4200495288
Amari Sinclair,4208049821
Audra Rosé,4208910309